CABO;CARREAUX BOISE (WOODEN);CARE
CACA;CARREAUX CASSES;CARE
CAFA;CARREAUX FAÏENCE;CARE
CAGR;CARREAUX GRES CERAMIC;CARE
CAMA;CARREAUX MABRE;CARE
CAPO;CARREAUX POLY;CARE
ELAM;AMPOULE ( LAMPE);ELEC
ELBO;BOITIER;ELEC
ELCO;COFFRET;ELEC
ELDI;DISMATIQUE;ELEC
ELDJ;DISJONTEUR;ELEC
ELDO;DOUILLE;ELEC
ELCA;CABLE;ELEC
ELFT;FIL TH;ELEC
ELGL;GLOBE;ELEC
ELHU;HUBLOT;ELEC
ELIT;INTERRUPTEUR;ELEC
ELMI;DOMINO;ELEC
ELPR;PRISE;ELEC
ELTU;TUBE;ELEC
FEBE;FER A BETON;FERAI
FEET;ETRIER;FERAI
MACB;CIMENT BLANC;MACO
MACI;CIMENT;MACO
MCOU;OUTILS;MECH
MCTP;CONTRE PLAQUET;MECH
MEET;ETANCHEÏTE ;MECH
MEFB;FIL BARBELE;MECH
MEPO;POINTE;MECH
METG;TOLE ONDULEE GALVANISE;MECH
METI;TIGE;MECH
METR;TIRS-FONDS;MECH
METU;TUILE ;MECH
MISO;ISOREL;MECH
MTBA;TOLE BAC ALU;MECH
MEBO;BOIS (PLANCHE);MECH
MTOB;TOLE ONDULEE BAC ALU ;MECH
OUAR;ARROSOIRE;OUTI
OUBA;BALANCE;OUTI
OUCI;CISAILLE;OUTI
OUDE;DECAMETRE;OUTI
OUGR;GRATTOIR ;OUTI
OULS;LAME DE SCIE;OUTI
OUMA;MARTEAUX;OUTI
OUNI;NIVEAU;OUTI
OUPE;PELLE;OUTI
OUPI;PINCEAU;OUTI
OUPO;POULY;OUTI
OURA;RATEAUX;OUTI
OURP;ROULEAUX PEINTURE;OUTI
OUSC;SCEAU;OUTI
OUTE;TENAILLE;OUTI
OUDI;DIVERS;OUTI
OUTR;TRUELLE;OUTI
PBGA;BOUCHON GALVANISE;PLOM
PBLA;BOUCHON LAITON;PLOM
PBPP;BOUCHON PPR;PLOM
PBPR;BOUCHON PRESSION;PLOM
PCGE;COLLE GEBSOPLAST;PLOM
PCME;COLLIER METALLIQUE;PLOM
PCOL;COLLE TANGIT;PLOM
PCPR;COUDE PPR;PLOM
PCPV;COLLIER PVC;PLOM
PDEC;DECAPANT;PLOM
PEAN;ANTIROUILLE;PEIN
PEFA;FAUME;PEIN
PEHU;PEINTURE A HUILE;PEIN
PELA;EMBOUT LAITON;PLOM
PEOC;OCRE;PEIN
PEPP;EMBOUT PPR;PLOM
PEPR;EMBOUT PRESSION;PLOM
PETE;TEINTE;PEIN
PFIL;FILASSE JOINT;PLOM
PGEB;GEBAJOINT;PLOM
PLAA;AUTRE ACCESSOIRE PLMOBERIE;PLOM
PLAD;ACCESSOIRE DE DOUCHE;PLOM
PLBP;BOUCHON PVC;PLOM
PLCG;COUDE GALVANISE;PLOM
PLCL;COUDE LAITON;PLOM
PLCO;COLLE PVC ABRO;PLOM
PLCP;COUDE PVC;PLOM
PLCR;COUDE PRESSION;PLOM
PLCU;TUYAUX CUIVRE;PLOM
PLEC;ECROU;PLOM
PLEP;EMBOUT PVC;PLOM
PLFE;FLEXIBLE;PLOM
PLFO;TUYAUX FORAGE;PLOM
PLMA;ACCESOIRE PLOMBERIE;PLOM
PLML;MAMELON LAITON;PLOM
PLMW;MECANISME WC;PLOM
PLPR;TUYAUX PRESSION;PLOM
PLRE;REDUCTEUR;PLOM
PLSS;SIPHON DE SOL;PLOM
PLTP;TUYAUX PVC;PLOM
PLVA;VANE ;PLOM
PMGA;MANCHON GALVANISE;PLOM
PMLA;MANCHON LAITON;PLOM
PMPP;MANCHON PPR;PLOM
PMPR;MANCHON PRESSION;PLOM
PMPV;MANCHON PVC;PLOM
PTGA;TEE GALVANISE;PLOM
PTLA;TEE LAITON;PLOM
PTPP;TUYAUX PPR;PLOM
PTEP;TEE PPR;PLOM
PTPR;TEE PRESSION;PLOM
PTPV;TEE PVC;PLOM
SAEV;EVIER;SANI
SALA;LAVABO;SANI
SALM;LAVE MAIN;SANI
SANEV;EVIER;SANI
SANRO;ROBINET ;SANI
SAVA;VANE ;SANI
SAWC;WC;SANI
SFUA;FER UAC;SOUD
SFUP;FER UPN;SOUD
SOAC;ACCESSOIRE SOUDURE;SOUD
SOAP;APPAREIL SOUDURE;SOUD
SOBA;BAGUETTE;SOUD
SOFC;FER CORNIERE;SOUD
SOFP;FER PLAT;SOUD
SOFU;FER U;SOUD
SOLA;LAME PERNIENNE;SOUD
SOTC;TUBE CARRE;SOUD
SOTD;TOLE PLATE DECORE A FROID;SOUD
SOTG;TOLE PLATE GALVANISE;SOUD
SOTI;TOLE PLATE INOX;SOUD
SOTO;TOLE PLATE NOIRE A CHAUD;SOUD
SOTR;TUBE RECTANGLE;SOUD
SOTU;TUYAUX NOIR;SOUD
STCG;TUBE CARRE GALVANISE;SOUD
STFI;FILASSE STAFF;STAF
STGA;TUYAUX ROND GALVANISE;SOUD
STPF;TOLE PLATE A FROID;SOUD
STPL;PLATRE;STAF
STRG;TUBE RECTANGLE GALVANISE;SOUD
STRO;TUBE ROND NOIR;SOUD
VICA;CHASSIS ALLUMINIUM;VITA
VICP;CHASSIS PVC;VITA
VIVE;VERRE;VITA
SESE;SERRURE;SECU
SECA;CADENA;SECU
SEAC;ACCESSOIRE SERRURE;SECU
